ID,Track A,Track B
1,placeholder,port fault;HGE1/0/8-HGE1/0/256
2,placeholder,"Based on my diagnosis of AGG_SW_01:
**Routing Table Analysis:**
- Only local routes present (127.0.0.0/8, 224.0.0.0/4, 255.255.255.255/32)
- NO user traffic routes, NO default route (0.0.0.0/0), NO external network routes
**Interface Status:**
- Uplink interfaces HGE1/0/1 and HGE1/0/2 are UP (connected to Core switches)
- Access interfaces HGE1/0/3, HGE1/0/5 are UP (VLAN 10)
- Interface HGE1/0/4 is UP (VLAN 100 trunk)
**Root Cause:**
The aggregation switch has no routing configuration for external traffic. There is no default gateway or static routes pointing to upstream core routers, and BGP/VRF routing tables show no learned routes.
fault_type: routing; fault_reason: no default route"
3,placeholder,port fault; HGE1/0/8-HGE1/0/256 DOWN
4,placeholder,port fault;AGG_SW_01_HGE1/0/6;No IP address configured
5,placeholder,Routing fault; Missing route entry for VLAN 10/100/110/120
6,placeholder,"Based on my diagnosis of AGG_SW_01:
**Routing Table Analysis:**
- The routing table contains ONLY local/loopback routes (127.0.0.0/8, 127.0.0.1/32, etc.)
- NO static routes, OSPF routes, BGP routes, or any forwarding routes exist
- No default route (0.0.0.0/0) present
- No VLAN/subnet routes for connected networks
**Interface Status:**
- Physical interfaces HGE1/0/6 and HGE1/0/7 are UP in route mode
- Bridge mode interfaces HGE1/0/1 through HGE1/0/5 show active connections to Core switches and clients
**Fault Diagnosis:**
The device has no valid routing entries to forward traffic. This is a routing configuration fault where routing protocols (OSPF/BGP) are not configured or static routes are missing.
routing fault; no valid routes in routing table"
7,placeholder,"Based on my analysis of AGG_SW_01:
1. **Routing Table**: Only contains local loopback and multicast routes - NO VLAN interface routes, NO default route, NO upstream routes
2. **Interface Status**: Uplink ports HGE1/0/6 and HGE1/0/7 are UP in route mode, but access ports HGE1/0/1-5 are UP in bridge mode
3. **Configuration**: VLANs 10, 100, 110, 120 exist but NO `interface Vlan-interface` entries with IP addresses are configured
The device has Layer 2 connectivity (ports UP, VLANs configured) but lacks Layer 3 configuration entirely - no VLAN interfaces with IP addresses, no routing protocol, no static/default routes.
routing fault; Missing VLAN interface IP configuration"
8,placeholder,routing fault; Missing routing entries
9,placeholder,routing fault;AGG_SW_01 lacks OSPF/BGP configuration;no dynamic routes learned
10,placeholder,port fault; HGE1/0/8-HGE1/0/256 DOWN
11,placeholder,routing fault;AGG_SW_01;No user routes in routing table
12,placeholder,routing fault;No IP routes configured on AGG_SW_01
13,placeholder,routing fault;AGG_SW_01;No user routes in routing table
14,placeholder,"Based on my analysis of AGG_SW_02:
1. **Routing Table**: Shows ONLY local routes (127.x.x.x loopback, multicast, broadcast) with NO actual data plane routes for user traffic destinations
2. **Interface Status**: Physical interfaces HGE1/0/1 through HGE1/0/5 are UP/UP in bridge mode, indicating ports are physically operational
3. **Problem**: The absence of routing entries means packets cannot be forwarded despite working physical links
This is a **routing fault** - the aggregation switch has no valid routes to forward traffic.
routing fault;AGG_SW_02"
15,placeholder,Port fault
16,placeholder,Routing fault: No routes to upstream networks; AGG_SW_01 routing table contains only loopback/multicast entries with no default or static routes to core switches.
17,placeholder,AGG_SW_01;Routing fault;No routes to destination networks
18,placeholder,"routing fault: AGG_SW_01 has no routes in routing-table except local/loopback; ports HGE1/0/6,HGE1/0/7 are UP but routing protocol not exchanging routes"
19,placeholder,routing fault;No valid routing entries found in routing table
20,placeholder,"Based on my analysis:
**AGG_SW_02 Routing Table**: Only contains local/loopback routes (127.x.x.x, 0.0.0.0/32, multicast). No actual network routes exist.
**AGG_SW_02 Interface Status**:
- Route mode: HGE1/0/6 and HGE1/0/7 are UP
- Bridge mode: HGE1/0/1 to HGE1/0/5 are UP with connections to Core switches and hosts
**Root Cause**: The aggregation switch has no valid routing entries to forward traffic. Physical interfaces are operational, but the routing table is empty (no BGP/OSPF/static routes learned).
routing;AGG_SW_02;No valid routes in routing table"
21,placeholder,Port fault: HGE1/0/8-HGE1/0/256 DOWN; Routing fault: No routes learned from core switches
22,placeholder,
23,placeholder,Port fault: No VLANIF interfaces configured; routing table contains only local routes with no user traffic paths.
24,placeholder,"Based on my analysis of the diagnostic output:
**Key Findings:**
1. **AGG_SW_01 & AGG_SW_02 routing tables**: Both switches show ONLY loopback and multicast routes (127.x.x.x, 224.x.x.x). There are NO user data routes configured.
2. **Physical interfaces**: Uplink ports to Core switches (HGE1/0/1, HGE1/0/2) are UP/UP on both aggregation switches.
3. **Bridge mode interfaces**: User-facing ports (HGE1/0/3, 4, 5) are UP with VLAN configurations but no IP routing exists.
**Diagnosis:**
The aggregation switches have no IP routes for user traffic. The routing tables contain only local/loopback routes with no destination networks for user subnets. This is a routing configuration fault.
No route"
25,placeholder,"Based on the diagnostic results:
1. **AGG_SW_01** - Has only local/loopback/multicast routes, NO useful routing entries for production traffic
2. **BJHQ_CSR1000V_GW_01** - Has complete OSPF routes, BGP routes, and default route properly configured
The fault is clear: AGG_SW_01 is not receiving any routes from the core network (OSPF/BGP), while the gateway router has full routing tables. This indicates a routing protocol adjacency issue or misconfiguration on the aggregation switch.
routing fault;AGG_SW_01 missing routes"
26,placeholder,port fault
27,placeholder,routing;AGG_SW_01;No routing protocol configured
28,placeholder,port_down;HundredGigE1/0/8;down
29,placeholder,routing
30,placeholder,"Based on my analysis of AGG_SW_01:
1. **Routing Table**: Only contains local/system routes (loopback, multicast). No data plane routes exist for forwarding traffic.
2. **Interface Status**:
- HGE1/0/6 and HGE1/0/7 are UP/UP in route mode but have no IP addresses configured
- Bridge mode interfaces (HGE1/0/1-5) are UP/UP and properly configured for VLANs
3. **Configuration**: The device has VLANs defined (10, 100, 110, 120) and STP configured, but no IP routing entries exist.
The root cause is that the aggregation switch lacks routing table entries to forward traffic between VLANs or to upstream networks.
port fault;routing fault"
31,placeholder,routing fault;AGG_SW_01;No valid routing entries found;Missing OSPF/BGP route configuration
32,placeholder,AGG_SW_01; routing fault; no external routes in routing table
33,placeholder,routing
34,placeholder,routing fault
35,placeholder,routing fault;AGG_SW_01 lacks OSPF configuration
36,placeholder,"Based on my analysis:
**AGG_SW_01 Routing Table**: Only contains loopback and multicast routes (127.x.x.x, 224.x.x.x, 255.x.x.x). No user network routes present.
**AGG_SW_01 Interfaces**: Uplink ports HGE1/0/1 and HGE1/0/2 (connecting to Core_SW_01 and Core_SW_02) are UP in bridge mode.
**Core_SW_01 Routing Table**: Has proper OSPF routes including default route (O_ASE 0.0.0.0/0 via 10.1.200.5).
The fault is clear: AGG_SW_01 has no user-facing routes in its routing table despite having active uplinks to the core switches. This indicates a routing protocol or route advertisement issue.
routing fault; AGG_SW_01 has no user network routes"
37,placeholder,routing fault;No IP address configured on any interface
38,placeholder,"Based on my analysis:
**AGG_SW_01 Routing Table Analysis:**
- Only has loopback (127.x.x.x) and multicast (224.x.x.x) routes
- NO routes to any 10.1.x.x subnets (core network segments like 10.1.10.0/24, 10.1.20.0/24, etc.)
**Interface Status:**
- HGE1/0/6 and HGE1/0/7 are UP/UP in route mode
- HGE1/0/1 and HGE1/0/2 are UP in bridge mode connecting to Core_SW_01 and Core_SW_02
**Core Switches (Core_SW_01/Core_SW_02):**
- Have complete routing tables with all 10.1.x.x subnets
- Properly running OSPF with external routes (O_ASE)
**Diagnosis:**
AGG_SW_01 has no routes to reach the core network segments (10.1.x.x). The aggregation switch is physically connected to the core switches but is not learning any routes via OSPF or static configuration. This is a **routing fault**.
AGG_SW_01 routing fault; AGG_SW_01 missing routes to 10.1.x.x subnets"
39,placeholder,"Based on my analysis:
1. **AGG_SW_01 routing table**: Contains only local routes (loopback 127.x.x.x, multicast 224.x.x.x) - NO actual data plane routes for network destinations
2. **AGG_SW_01 interfaces**:
- Uplink ports HGE1/0/1, HGE1/0/2 connected to Core switches are UP
- Access ports HGE1/0/3 (PC01), HGE1/0/5 (Client01) are UP
- Physical connectivity is fine
The critical finding is that AGG_SW_01 has **no routing entries** for actual network destinations - only local loopback and system routes. This indicates missing routing configuration.
This is a **routing fault**.
routing fault;Missing static routes or dynamic routing protocol not configured"
40,placeholder,routing fault; No valid routes found
41,placeholder,"Based on my diagnosis of scenario 41:
**Routing Fault Analysis:**
1. **AGG_SW_01 routing table** shows ONLY local/loopback/multicast routes (127.0.0.0/8, 224.0.0.0/4, 255.255.255.255/32) - NO actual network routes learned from upstream core switches.
2. **Core_SW_01 and Core_SW_02** both have complete OSPF routing tables with proper routes to all networks (10.1.x.x subnets).
3. **AGG_SW_01 physical interfaces** HGE1/0/1 and HGE1/0/2 are UP in bridge mode connecting to Core_SW_01 and Core_SW_02 respectively, but the device is not learning any routes.
4. The root cause is that **AGG_SW_01 has no routing protocol configuration** - it's not participating in OSPF/BGP to learn routes from the core layer.
**Fault Reason:** No routing protocol configured on AGG_SW_01; device cannot learn routes from upstream core switches.
No routing lines vs port lines format specified in question, so providing direct answer:
No routing protocol configured on AGG_SW_01"
42,placeholder,Port fault: HGE1/0/8-HGE1/0/256 DOWN; Routing fault: No user routes in routing-table
43,placeholder,"Based on my analysis of AGG_SW_01:
**Routing Table Analysis:**
- Only local/direct routes exist (127.0.0.0/8 loopback, multicast ranges)
- **NO default route (0.0.0.0/0)**
- **NO network routes** for any destination subnets
- No BGP/OSPF/static routes configured
**Interface Status:**
- HGE1/0/6, HGE1/0/7: UP/UP (route mode)
- HGE1/0/8+: DOWN/DOWN
- Bridge mode uplinks to Core switches exist but no IP routing configured
**Diagnosis:**
The device has no valid routing entries to forward traffic. This is a **routing fault** - the routing table lacks necessary routes (default route or static/BGP routes) for network communication.
port;routing"
44,placeholder,Port fault;HGE1/0/3 is administratively down
45,placeholder,Port fault: HGE1/0/3; Reason: administratively down
46,placeholder,routing fault;AGG_SW_01;OSPF not configured
47,placeholder,"Based on my analysis:
1. **Routing Table**: Only contains local loopback and multicast routes - no default route or external network routes visible
2. **Interface Status**: HGE1/0/3 is **administratively down (ADM)** connecting to HQ_MKT_PC01_eth0
The primary fault is a port being administratively disabled.
port;AGG_SW_01;HGE1/0/3;administratively down"
48,placeholder,Port fault;HGE1/0/3;shutdown
49,placeholder,Port fault: HGE1/0/3 is administratively down (shutdown)
50,placeholder,"Based on my diagnosis:
1. **BJHQ_CSR1000V_GW_01** (Cisco router): Routing table shows OSPF routes are present and active. Gateway of last resort is configured. No obvious routing issues.
2. **AGG_SW_01** (Huawei switch): Interface status shows critical problems:
- Almost all HGE interfaces (HGE1/0/8 through HGE1/0/256) are DOWN/DOWN
- Only HGE1/0/6 and HGE1/0/7 are UP/UP in route mode
- In bridge mode: HGE1/0/1, HGE1/0/2, HGE1/0/4, HGE1/0/5 are UP; HGE1/0/3 is administratively down
The widespread interface shutdowns on AGG_SW_01 indicate a port-level fault rather than a routing protocol issue.
port_fault;AGG_SW_01;HGE1/0/8-HGE1/0/256"
51,placeholder,Port fault;HGE1/0/3;Administratively down
52,placeholder,routing fault
53,placeholder,"Based on my analysis of the configuration:
**Fault Diagnosis:**
On AGG_SW_01, interface **HundredGigE1/0/3** is configured with `shutdown` command:
This interface connects to HQ_MKT_PC01 and is administratively disabled, causing a port-level connectivity failure.
BJHQ_CSR1000V_GW_01 shows healthy routing tables with all OSPF routes properly learned and interfaces up/up.
**Answer:**
Port fault; HundredGigE1/0/3 is administratively shut down"
54,placeholder,Port fault: HGE1/0/3 administratively down
55,placeholder,Port fault;AGG_SW_01;HundredGigE1/0/3;Administratively down
56,placeholder,routing fault;AGG_SW_01;OSPF not configured
57,placeholder,Port fault;HGE1/0/8-HGE1/0/256 DOWN/DOWN
58,placeholder,"Based on my diagnosis:
1. **Routing Table Issue**: AGG_SW_01 shows only local loopback/multicast routes - no user traffic routes exist
2. **Port Status**: HGE1/0/6 and HGE1/0/7 are UP/UP in route mode but have NO IP addresses configured; all other route mode interfaces (HGE1/0/8+) are DOWN/DOWN
3. **Bridge Mode**: Interfaces HGE1/0/1-5 are properly configured with VLANs and connected to core switches and clients
The root cause is that the aggregation switch's route-mode uplink ports lack IP addressing and the routing table is empty for user traffic. This indicates a **routing fault** due to missing Layer 3 configuration on uplink interfaces.
port fault;routing fault"
59,placeholder,routing fault
60,placeholder,AGG_SW_01 routing fault; Missing routing protocol configuration; No static routes configured
61,placeholder,routing fault; reason: no routing protocol configured
62,placeholder,port fault;HundredGigE1/0/8 DOWN DOWN;HundredGigE1/0/9 DOWN DOWN;HundredGigE1/0/10 DOWN DOWN;HundredGigE1/0/11 DOWN DOWN;HundredGigE1/0/12 DOWN DOWN;HundredGigE1/0/13 DOWN DOWN;HundredGigE1/0/14 DOWN DOWN;HundredGigE1/0/15 DOWN DOWN;HundredGigE1/0/16 DOWN DOWN;HundredGigE1/0/17 DOWN DOWN;HundredGigE1/0/18 DOWN DOWN;HundredGigE1/0/19 DOWN DOWN;HundredGigE1/0/20 DOWN DOWN;HundredGigE1/0/21 DOWN DOWN;HundredGigE1/0/22 DOWN DOWN;HundredGigE1/0/23 DOWN DOWN;HundredGigE1/0/24 DOWN DOWN;HundredGigE1/0/25 DOWN DOWN;HundredGigE1/0/26 DOWN DOWN;HundredGigE1/0/27 DOWN DOWN;HundredGigE1/0/28 DOWN DOWN;HundredGigE1/0/29 DOWN DOWN;HundredGigE1/0/30 DOWN DOWN;HundredGigE1/0/31 DOWN DOWN;HundredGigE1/0/32 DOWN DOWN;HundredGigE1/0/33 DOWN DOWN;HundredGigE1/0/34 DOWN DOWN;HundredGigE1/0/35 DOWN DOWN;HundredGigE1/0/36 DOWN DOWN;HundredGigE1/0/37 DOWN DOWN;HundredGigE1/0/38 DOWN DOWN;HundredGigE1/0/39 DOWN DOWN;HundredGigE1/0/40 DOWN DOWN;HundredGigE1/0/41 DOWN DOWN;HundredGigE1/0/42 DOWN DOWN;HundredGigE1/0/43 DOWN DOWN;HundredGigE1/0/44 DOWN DOWN;HundredGigE1/0/45 DOWN DOWN;HundredGigE1/0/46 DOWN DOWN;HundredGigE1/0/47 DOWN DOWN;HundredGigE1/0/48 DOWN DOWN;HundredGigE1/0/49 DOWN DOWN;HundredGigE1/0/50 DOWN DOWN;HundredGigE1/0/51 DOWN DOWN;HundredGigE1/0/52 DOWN DOWN;HundredGigE1/0/53 DOWN DOWN;HundredGigE1/0/54 DOWN DOWN;HundredGigE1/0/55 DOWN DOWN;HundredGigE1/0/56 DOWN DOWN;HundredGigE1/0/57 DOWN DOWN;HundredGigE1/0/58 DOWN DOWN;HundredGigE1/0/59 DOWN DOWN;HundredGigE1/0/60 DOWN DOWN;HundredGigE1/0/61 DOWN DOWN;HundredGigE1/0/62 DOWN DOWN;HundredGigE1/0/63 DOWN DOWN;HundredGigE1/0/64 DOWN DOWN;HundredGigE1/0/65 DOWN DOWN;HundredGigE1/0/66 DOWN DOWN;HundredGigE1/0/67 DOWN DOWN;HundredGigE1/0/68 DOWN DOWN;HundredGigE1/0/69 DOWN DOWN;HundredGigE1/0/70 DOWN DOWN;HundredGigE1/0/71 DOWN DOWN;HundredGigE1/0/72 DOWN DOWN;HundredGigE1/0/73 DOWN DOWN;HundredGigE1/0/74 DOWN DOWN;HundredGigE1/0/75 DOWN DOWN;HundredGigE1/0/76 DOWN DOWN;HundredGigE1/0/77 DOWN DOWN;HundredGigE1/0/78 DOWN DOWN;HundredGigE1/0/79 DOWN DOWN;HundredGigE1/0/80 DOWN DOWN;
63,placeholder,Port fault
64,placeholder,"Routing fault; AGG_SW_01 has no user routes in routing table (only local/loopback/multicast entries), indicating routing protocol misconfiguration or failure"
65,placeholder,routing fault;AGG_SW_01;No valid routing entries
66,placeholder,Routing fault;AGG_SW_01 has no routing protocol configured (OSPF not running);No user traffic routes in routing table;Physical links UP but routing adjacencies down
67,placeholder,"Based on my analysis of the network configuration:
**Key Findings:**
1. **AGG_SW_01 & AGG_SW_02 Routing Tables**: Both switches show ONLY local loopback routes (127.0.0.0/8, 127.x.x.x). There are NO VLAN interface routes, NO default routes, and NO learned routes from any routing protocol.
2. **Port Status**:
- Uplink ports (HGE1/0/6, HGE1/0/7) are UP/UP on both switches
- Access ports to PCs/APs (HGE1/0/3, HGE1/0/4, HGE1/0/5) are UP/UP
- Physical connectivity is fine
3. **Configuration Issue**: Looking at `display current-configuration` for AGG_SW_01:
- VLANs 10, 100, 110, 120 exist
- Trunk ports permit these VLANs correctly
- **BUT there are NO VLAN-interface IP addresses configured** (no `interface Vlanif 10`, `interface Vlanif 100`, etc.)
- No BGP/OSPF/static routes configured
4. **Result**: End devices cannot reach their gateway, and there's no inter-VLAN routing capability.
**Conclusion**: This is a **routing fault** - the aggregation switches lack Layer 3 VLAN interface IP addresses required for routing.
routing fault"
68,placeholder,Routing fault;No default route configured
69,placeholder,Port fault; HGE1/0/6-HGE1/0/256 DOWN DOWN
70,placeholder,routing fault; AGG_SW_01; No user routes in routing-table
71,placeholder,routing; BGP neighbor unreachable
72,placeholder,"Unable to diagnose - sandbox API returning 404 errors, no network data accessible"
73,placeholder,Unable to complete diagnosis - all execute() calls returned 404 errors indicating the sandbox API endpoint is unavailable or device names do not match the topology. No routing or port fault data could be retrieved for scenario 73.
74,placeholder,Unable to diagnose fault for scenario 74 - sandbox API returning 404 errors. No routing/port fault information accessible.
75,placeholder,routing fault
76,placeholder,Port fault
77,placeholder,Tool API unavailable - 404 errors on all execute calls; unable to retrieve routing/port diagnostics for scenario 77
78,placeholder,"Unable to complete diagnosis - API endpoint returning 404 errors for all execute() calls. Sandbox environment appears unavailable. Cannot verify routing table entries, interface status, or configuration details needed to determine fault type (routing vs port)."
79,placeholder,routing fault; no routing protocol configured
80,placeholder,"Based on my analysis of the routing tables:
**AGG_SW_01**: Has NO network routes - only local loopback/multicast routes. No routes to 10.x.x.x networks.
**Core_SW_01 & Core_SW_02**: Have complete OSPF routing tables with all expected subnets.
The issue is clear: AGG_SW_01 is not learning any routes from the core switches via OSPF. Despite having physical links (HGE1/0/6, HGE1/0/7 show UP/UP), the aggregation switch has no routing entries for the network.
This is a **routing fault** - specifically OSPF adjacency/route advertisement failure between AGG_SW_01 and the core layer.
AGG_SW_01;OSPF adjacency down"
81,placeholder,port fault;HGE1/0/8-HGE1/0/256
82,placeholder,port fault;HundredGigE1/0/8 DOWN DOWN
83,placeholder,"Based on my analysis of the network devices:
**Key Findings:**
1. **AGG_SW_01 & AGG_SW_02**: Both aggregation switches have ONLY loopback/multicast routes in their routing tables - NO user network routes (no default gateway, no VLAN subnets, no learned routes from upstream).
2. **Core_SW_01**: Has complete routing table with OSPF routes, default route (O_ASE), and proper next-hops to all network segments.
3. **Physical Links**: The uplink ports between AGG and Core switches are physically UP (HGE1/0/1 to Core_SW_01, HGE1/0/2 to Core_SW_02), so it's not a port/link fault.
**Diagnosis:** The aggregation layer switches are not learning or installing routes from the core layer. This is a routing protocol/configuration issue preventing route propagation from Core to Aggregation switches.
routing fault; Missing routes on aggregation switches; No OSPF/BGP neighbor adjacency established between AGG and CORE layers"
84,placeholder,"Based on my diagnosis of AGG_SW_01:
**Key Findings:**
1. **Routing Table**: Only contains loopback (127.x.x.x) and multicast (224.x.x.x) routes - NO user data plane routes exist
2. **Interface Status**: HGE1/0/6 and HGE1/0/7 are UP/UP in route mode (uplinks), but all other interfaces DOWN/DOWN
3. **Bridge Mode**: 5 interfaces active (HGE1/0/1-5) with proper VLAN/trunk configs
4. **Configuration**: IRF enabled, STP configured, VLANs 10/100/110/120 present, but no routing protocols (BGP/OSPF) visible
**Analysis:**
The device has no routes to any destination networks beyond local loopback. This indicates a routing protocol failure or missing static/default routes. Since physical ports are UP but no routes exist, this is a routing layer issue, not a port/link issue.
routing fault"
85,placeholder,port fault;HGE1/0/8-HGE1/0/256 DOWN DOWN
86,placeholder,routing fault
87,placeholder,port fault;HGE1/0/8-HGE1/0/256 down
88,placeholder,routing fault; No valid routes in routing table
89,placeholder,port fault;HundredGigE1/0/8;DOWN DOWN
90,placeholder,routing fault; missing VLAN interfaces for inter-VLAN routing
91,placeholder,port fault;HundredGigE1/0/8;down
92,placeholder,routing fault
93,placeholder,routing fault;AGG_SW_01;No user routes in routing table
94,placeholder,"Based on my diagnosis:
1. **AGG_SW_01 routing table** - Only contains loopback and multicast routes, NO user traffic routes
2. **AGG_SW_01 interfaces** - HGE1/0/6 and HGE1/0/7 are in route mode but have NO IP addresses configured
3. **Core_SW_01** - Has proper OSPF routing with user network routes
The root cause is that AGG_SW_01 lacks routing protocol configuration and IP addresses on its route-mode uplink interfaces, preventing it from learning or advertising routes.
routing;Missing IP address on route-mode interface"
95,placeholder,Routing fault: AGG_SW_01 has no routing protocol configured; missing OSPF/BGP to learn routes from Core_SW_01
96,placeholder,Port fault: HGE1/0/8; HGE1/0/9; HGE1/0/10; HGE1/0/11; HGE1/0/12; HGE1/0/13; HGE1/0/14; HGE1/0/15; HGE1/0/16; HGE1/0/17; HGE1/0/18; HGE1/0/19; HGE1/0/20; HGE1/0/21; HGE1/0/22; HGE1/0/23; HGE1/0/24; HGE1/0/25; HGE1/0/26; HGE1/0/27; HGE1/0/28; HGE1/0/29; HGE1/0/30; HGE1/0/31; HGE1/0/32; HGE1/0/33; HGE1/0/34; HGE1/0/35; HGE1/0/36; HGE1/0/37; HGE1/0/38; HGE1/0/39; HGE1/0/40; HGE1/0/41; HGE1/0/42; HGE1/0/43; HGE1/0/44; HGE1/0/45; HGE1/0/46; HGE1/0/47; HGE1/0/48; HGE1/0/49; HGE1/0/50; HGE1/0/51; HGE1/0/52; HGE1/0/53; HGE1/0/54; HGE1/0/55; HGE1/0/56; HGE1/0/57; HGE1/0/58; HGE1/0/59; HGE1/0/60; HGE1/0/61; HGE1/0/62; HGE1/0/63; HGE1/0/64; HGE1/0/65; HGE1/0/66; HGE1/0/67; HGE1/0/68; HGE1/0/69; HGE1/0/70; HGE1/0/71; HGE1/0/72; HGE1/0/73; HGE1/0/74; HGE1/0/75; HGE1/0/76; HGE1/0/77; HGE1/0/78; HGE1/0/79; HGE1/0/80; HGE1/0/81; HGE1/0/82; HGE1/0/83; HGE1/0/84; HGE1/0/85; HGE1/0/86; HGE1/0/87; HGE1/0/88; HGE1/0/89; HGE1/0/90; HGE1/0/91; HGE1/0/92; HGE1/0/93; HGE1/0/94; HGE1/0/95; HGE1/0/96; HGE1/0/97; HGE1/0/98; HGE1/0/99; HGE1/0/100; HGE1/0/101; HGE1/0/102; HGE1/0/103; HGE1/0/104; HGE1/0/105; HGE1/0/106; HGE1/0/107; HGE1/0/108; HGE1/0/109; HGE1/0/110; HGE1/0/111; HGE1/0/112; HGE1/0/113; HGE1/0/114; HGE1/0/115; HGE1/0/116; HGE1/0/117; HGE1/0/118; HGE1/
97,placeholder,Port fault: HGE1/0/8; Port fault: HGE1/0/9; Port fault: HGE1/0/10; Port fault: HGE1/0/11; Port fault: HGE1/0/12; Port fault: HGE1/0/13; Port fault: HGE1/0/14; Port fault: HGE1/0/15; Port fault: HGE1/0/16; Port fault: HGE1/0/17; Port fault: HGE1/0/18; Port fault: HGE1/0/19; Port fault: HGE1/0/20; Port fault: HGE1/0/21; Port fault: HGE1/0/22; Port fault: HGE1/0/23; Port fault: HGE1/0/24; Port fault: HGE1/0/25; Port fault: HGE1/0/26; Port fault: HGE1/0/27; Port fault: HGE1/0/28; Port fault: HGE1/0/29; Port fault: HGE1/0/30; Port fault: HGE1/0/31; Port fault: HGE1/0/32; Port fault: HGE1/0/33; Port fault: HGE1/0/34; Port fault: HGE1/0/35; Port fault: HGE1/0/36; Port fault: HGE1/0/37; Port fault: HGE1/0/38; Port fault: HGE1/0/39; Port fault: HGE1/0/40; Port fault: HGE1/0/41; Port fault: HGE1/0/42; Port fault: HGE1/0/43; Port fault: HGE1/0/44; Port fault: HGE1/0/45; Port fault: HGE1/0/46; Port fault: HGE1/0/47; Port fault: HGE1/0/48; Port fault: HGE1/0/49; Port fault: HGE1/0/50; Port fault: HGE1/0/51; Port fault: HGE1/0/52; Port fault: HGE1/0/53; Port fault: HGE1/0/54; Port fault: HGE1/0/55; Port fault: HGE1/0/56; Port fault: HGE1/0/57; Port fault: HGE1/0/58; Port fault: HGE1/0/59; Port fault: HGE1/0/60; Port fault: HGE1/0/61; Port fault: HGE1/0/62; Port fault: HGE1/0/63; Port fault: HGE1/0/64; Port fault: HGE1/0/65; Port fault: HGE1/0/66; Port fault: HGE1/0/67; Port fault: HGE1/0/68; Port fault: HGE1/0/69; Port fault: HGE1/0/70; Port fault: HGE1/0/71; Port fault: HGE1/0/72; Port fault: HGE1/0/73; Port fault: HGE1/0/74; Port fault: HGE1/0/75; Port fault: HGE1/0/76; Port fault: HGE1/0/77; Port fault: HGE1/0/78; Port fault: HGE1/0/79; Port fault: HGE1/0/80; Port fault: HGE1/0/81; Port fault: HGE1/0/82; Port fault: HGE1/0/83; Port fault: HGE1/0/84; Port fault: HGE1/0/85; Port fault: HGE1/0/86; Port fault: HGE1/0/87; Port fault: HGE1/0/88; Port fault: HGE1/0/89; Port fault: HGE1/0/90; Port fault: HGE1/0/91; Port fault: HGE1/0/92; Port fault: HGE
98,placeholder,AGG_SW_01; No default route configured
99,placeholder,routing fault; AGG_SW_01; No routing entries
100,placeholder,"Port fault; AGG_SW_01 has no IP addresses configured on any interface and no routing table entries beyond default system routes, preventing inter-VLAN routing."
101,placeholder,
102,placeholder,
103,placeholder,
104,placeholder,
105,placeholder,
106,placeholder,
107,placeholder,
108,placeholder,
109,placeholder,
110,placeholder,
111,placeholder,
112,placeholder,
113,placeholder,
114,placeholder,
115,placeholder,
116,placeholder,
117,placeholder,
118,placeholder,
119,placeholder,
120,placeholder,
121,placeholder,
122,placeholder,
123,placeholder,
124,placeholder,
125,placeholder,
126,placeholder,
127,placeholder,
128,placeholder,
129,placeholder,
130,placeholder,
131,placeholder,
132,placeholder,
133,placeholder,
134,placeholder,
135,placeholder,
136,placeholder,
137,placeholder,
138,placeholder,
139,placeholder,
140,placeholder,
141,placeholder,
142,placeholder,
143,placeholder,
144,placeholder,
145,placeholder,
146,placeholder,
147,placeholder,
148,placeholder,
149,placeholder,
150,placeholder,
151,placeholder,
152,placeholder,
153,placeholder,
154,placeholder,
155,placeholder,
156,placeholder,
157,placeholder,
158,placeholder,
159,placeholder,
160,placeholder,
161,placeholder,
162,placeholder,
163,placeholder,
164,placeholder,
165,placeholder,
166,placeholder,
167,placeholder,
168,placeholder,
169,placeholder,
170,placeholder,
171,placeholder,
172,placeholder,
173,placeholder,
174,placeholder,
175,placeholder,
176,placeholder,
177,placeholder,
178,placeholder,
179,placeholder,
180,placeholder,
181,placeholder,
182,placeholder,
183,placeholder,
184,placeholder,
185,placeholder,
186,placeholder,
187,placeholder,
188,placeholder,
189,placeholder,
190,placeholder,
191,placeholder,
192,placeholder,
193,placeholder,
194,placeholder,
195,placeholder,
196,placeholder,
197,placeholder,
198,placeholder,
199,placeholder,
200,placeholder,
201,placeholder,
202,placeholder,
203,placeholder,
204,placeholder,
205,placeholder,
206,placeholder,
207,placeholder,
208,placeholder,
209,placeholder,
210,placeholder,
211,placeholder,
212,placeholder,
213,placeholder,
214,placeholder,
215,placeholder,
216,placeholder,
217,placeholder,
218,placeholder,
219,placeholder,
220,placeholder,
221,placeholder,
222,placeholder,
223,placeholder,
224,placeholder,
225,placeholder,
226,placeholder,
227,placeholder,
228,placeholder,
229,placeholder,
230,placeholder,
231,placeholder,
232,placeholder,
233,placeholder,
234,placeholder,
235,placeholder,
236,placeholder,
237,placeholder,
238,placeholder,
239,placeholder,
240,placeholder,
241,placeholder,
242,placeholder,
243,placeholder,
244,placeholder,
245,placeholder,
246,placeholder,
247,placeholder,
248,placeholder,
249,placeholder,
250,placeholder,
251,placeholder,
252,placeholder,
253,placeholder,
254,placeholder,
255,placeholder,
256,placeholder,
257,placeholder,
258,placeholder,
259,placeholder,
260,placeholder,
261,placeholder,
262,placeholder,
263,placeholder,
264,placeholder,
265,placeholder,
266,placeholder,
267,placeholder,
268,placeholder,
269,placeholder,
270,placeholder,
271,placeholder,
272,placeholder,
273,placeholder,
274,placeholder,
275,placeholder,
276,placeholder,
277,placeholder,
278,placeholder,
279,placeholder,
280,placeholder,
281,placeholder,
282,placeholder,
283,placeholder,
284,placeholder,
285,placeholder,
286,placeholder,
287,placeholder,
288,placeholder,
289,placeholder,
290,placeholder,
291,placeholder,
292,placeholder,
293,placeholder,
294,placeholder,
295,placeholder,
296,placeholder,
297,placeholder,
298,placeholder,
299,placeholder,
300,placeholder,
301,placeholder,
302,placeholder,
303,placeholder,
304,placeholder,
305,placeholder,
306,placeholder,
307,placeholder,
308,placeholder,
309,placeholder,
310,placeholder,
311,placeholder,
312,placeholder,
313,placeholder,
314,placeholder,
315,placeholder,
316,placeholder,
317,placeholder,
318,placeholder,
319,placeholder,
320,placeholder,
321,placeholder,
322,placeholder,
323,placeholder,
324,placeholder,
325,placeholder,
326,placeholder,
327,placeholder,
328,placeholder,
329,placeholder,
330,placeholder,
331,placeholder,
332,placeholder,
333,placeholder,
334,placeholder,
335,placeholder,
336,placeholder,
337,placeholder,
338,placeholder,
339,placeholder,
340,placeholder,
341,placeholder,
342,placeholder,
343,placeholder,
344,placeholder,
345,placeholder,
346,placeholder,
347,placeholder,
348,placeholder,
349,placeholder,
350,placeholder,
351,placeholder,
352,placeholder,
353,placeholder,
354,placeholder,
355,placeholder,
356,placeholder,
357,placeholder,
358,placeholder,
359,placeholder,
360,placeholder,
361,placeholder,
362,placeholder,
363,placeholder,
364,placeholder,
365,placeholder,
366,placeholder,
367,placeholder,
368,placeholder,
369,placeholder,
370,placeholder,
371,placeholder,
372,placeholder,
373,placeholder,
374,placeholder,
375,placeholder,
376,placeholder,
377,placeholder,
378,placeholder,
379,placeholder,
380,placeholder,
381,placeholder,
382,placeholder,
383,placeholder,
384,placeholder,
385,placeholder,
386,placeholder,
387,placeholder,
388,placeholder,
389,placeholder,
390,placeholder,
391,placeholder,
392,placeholder,
393,placeholder,
394,placeholder,
395,placeholder,
396,placeholder,
397,placeholder,
398,placeholder,
399,placeholder,
400,placeholder,
401,placeholder,
402,placeholder,
403,placeholder,
404,placeholder,
405,placeholder,
406,placeholder,
407,placeholder,
408,placeholder,
409,placeholder,
410,placeholder,
411,placeholder,
412,placeholder,
413,placeholder,
414,placeholder,
415,placeholder,
416,placeholder,
417,placeholder,
418,placeholder,
419,placeholder,
420,placeholder,
421,placeholder,
422,placeholder,
423,placeholder,
424,placeholder,
425,placeholder,
426,placeholder,
427,placeholder,
428,placeholder,
429,placeholder,
430,placeholder,
431,placeholder,
432,placeholder,
433,placeholder,
434,placeholder,
435,placeholder,
436,placeholder,
437,placeholder,
438,placeholder,
439,placeholder,
440,placeholder,
441,placeholder,
442,placeholder,
443,placeholder,
444,placeholder,
445,placeholder,
446,placeholder,
447,placeholder,
448,placeholder,
449,placeholder,
450,placeholder,
451,placeholder,
452,placeholder,
453,placeholder,
454,placeholder,
455,placeholder,
456,placeholder,
457,placeholder,
458,placeholder,
459,placeholder,
460,placeholder,
461,placeholder,
462,placeholder,
463,placeholder,
464,placeholder,
465,placeholder,
466,placeholder,
467,placeholder,
468,placeholder,
469,placeholder,
470,placeholder,
471,placeholder,
472,placeholder,
473,placeholder,
474,placeholder,
475,placeholder,
476,placeholder,
477,placeholder,
478,placeholder,
479,placeholder,
480,placeholder,
481,placeholder,
482,placeholder,
483,placeholder,
484,placeholder,
485,placeholder,
486,placeholder,
487,placeholder,
488,placeholder,
489,placeholder,
490,placeholder,
491,placeholder,
492,placeholder,
493,placeholder,
494,placeholder,
495,placeholder,
496,placeholder,
497,placeholder,
498,placeholder,
499,placeholder,
500,placeholder,
